City0,City1,City2
C1ity1,Cit2y,3City
C1ity1,Cit2y,3City
C1ity1,Cit2y,3City
C1ity1,Cit2y,3City
C1ity1,Cit2y,3City
C1ity1,Cit2y,3City
C1ity1,Cit2y,3City
C1ity1,Cit2y,3City
C1ity1,Cit2y,3City
C1ity1,Cit2y,3City
C1ity1,Cit2y,3City
C1ity1,Cit2y,3City
C1ity1,Cit2y,3City
C1ity1,Cit2y,3City
C1ity1,Cit2y,3City
C1ity1,Cit2y,3City
C1ity1,Cit2y,3City
C1ity1,Cit2y,3City
C1ity1,Cit2y,3City
C1ity1,Cit2y,3City
C1ity1,Cit2y,3City
C1ity1,Cit2y,3City
C1ity1,Cit2y,3City
C1ity1,Cit2y,3City
C1ity1,Cit2y,3City
C1ity1,Cit2y,3City
C1ity1,Cit2y,3City
C1ity1,Cit2y,3City